T,alpha_abs_error,beta_abs_error
50,0.08396176307961109,1.1320402808387964
100,0.05704277974038891,0.7066686279722221
200,0.0496555773227963,0.8891308270355557
400,0.03328521840468518,0.5543072340505555
